id,first_name,last_name,email,country
1,Janelle,Woollaston,jwoollaston0@house.gov,China
2,Eulalie,O'Carmody,eocarmody1@qq.com,Brazil
3,Tammy,Bicknell,tbicknell2@51.la,Myanmar
4,Zebulen,Zavattiero,zzavattiero3@merriam-webster.com,Poland
5,Jolene,Maylour,jmaylour4@mysql.com,Indonesia
6,Wadsworth,Spiller,wspiller5@examiner.com,Vietnam
7,Donnie,Armstead,darmstead6@devhub.com,Netherlands
8,Keane,Oakly,koakly7@army.mil,Brazil
9,Kori,Chaimson,kchaimson8@yale.edu,Indonesia
10,Hugo,McClymond,hmcclymond9@apache.org,China
11,Kareem,Mccaull,kmccaulla@mac.com,China
12,Ashley,Delacroux,adelacrouxb@washingtonpost.com,China
13,Roth,Gasgarth,rgasgarthc@wordpress.com,Kazakhstan
14,Ileana,Scoines,iscoinesd@purevolume.com,Trinidad and Tobago
15,Rosie,Barhem,rbarheme@cocolog-nifty.com,Canada
16,Goober,Godain,ggodainf@hatena.ne.jp,Czech Republic
17,Ban,Forward,bforwardg@bandcamp.com,Portugal
18,Aeriell,Ginnety,aginnetyh@answers.com,Indonesia
19,Mame,Llewellyn,mllewellyni@auda.org.au,Cuba
20,Eward,Orred,eorredj@quantcast.com,Philippines
21,Pete,Duffrie,pduffriek@sfgate.com,China
22,Tatum,Penwell,tpenwelll@psu.edu,China
23,Darsey,Martinelli,dmartinellim@buzzfeed.com,Lithuania
24,Son,Greatham,sgreathamn@google.fr,Peru
25,Alla,Farnhill,afarnhillo@comsenz.com,China
26,Latrena,Hempshall,lhempshallp@yale.edu,French Guiana
27,Noella,Rooney,nrooneyq@yellowpages.com,Indonesia
28,Morly,Bank,mbankr@tmall.com,China
29,Ferris,Gantzman,fgantzmans@mayoclinic.com,Botswana
30,Harlie,Houndesome,hhoundesomet@printfriendly.com,Peru
31,Pippa,Lyman,plymanu@go.com,China
32,Nial,Kovacs,nkovacsv@intel.com,Indonesia
33,Ulises,Whitecross,uwhitecrossw@va.gov,China
34,Edsel,Balmer,ebalmerx@seattletimes.com,Azerbaijan
35,Carey,Berfoot,cberfooty@g.co,Philippines
36,Leif,Benito,lbenitoz@tripadvisor.com,United States
37,Jemie,Gaish,jgaish10@moonfruit.com,Poland
38,Osbert,Garrals,ogarrals11@bloglines.com,Uruguay
39,Allan,Jaskowicz,ajaskowicz12@artisteer.com,Thailand
40,Clevie,Victory,cvictory13@mysql.com,Philippines
41,Shanna,Brahmer,sbrahmer14@purevolume.com,Japan
42,Merla,Essery,messery15@comcast.net,Canada
43,Lulita,Levi,llevi16@gravatar.com,Tunisia
44,Hedwig,Rothschild,hrothschild17@friendfeed.com,Indonesia
45,Marcos,Martusewicz,mmartusewicz18@live.com,United States
46,Brynn,Thireau,bthireau19@booking.com,China
47,Ilario,Boram,iboram1a@usatoday.com,Vietnam
48,Timmy,Mollindinia,tmollindinia1b@shop-pro.jp,China
49,Lemmy,L' Estrange,llestrange1c@myspace.com,Afghanistan
50,Virgie,Padfield,vpadfield1d@soundcloud.com,Georgia
51,Kaile,Sellars,ksellars1e@yellowpages.com,China
52,Allina,Hawken,ahawken1f@bbb.org,Uzbekistan
53,Lesya,Ferrieri,lferrieri1g@ibm.com,China
54,Aurel,Mechi,amechi1h@state.tx.us,Philippines
55,Kelcy,Paddefield,kpaddefield1i@squarespace.com,Russia
56,Cassandry,Abrahm,cabrahm1j@eepurl.com,Philippines
57,Saidee,Dench,sdench1k@ask.com,Russia
58,Rosalinda,Alexander,ralexander1l@people.com.cn,France
59,Sanderson,Farthing,sfarthing1m@gov.uk,Serbia
60,Chevalier,Keogh,ckeogh1n@cnn.com,Ethiopia
61,Mallissa,Pechard,mpechard1o@woothemes.com,Comoros
62,Consuelo,Videler,cvideler1p@blogger.com,Russia
63,Asa,Benez,abenez1q@technorati.com,Djibouti
64,Keven,Bussetti,kbussetti1r@eepurl.com,China
65,Beatrix,Jerisch,bjerisch1s@surveymonkey.com,Russia
66,Barry,Djorvic,bdjorvic1t@istockphoto.com,Poland
67,Merrick,Yeowell,myeowell1u@addthis.com,Bulgaria
68,Rainer,Vaines,rvaines1v@jigsy.com,China
69,Everard,Laise,elaise1w@hubpages.com,Colombia
70,Margalit,Toulmin,mtoulmin1x@quantcast.com,Czech Republic
71,Barney,Makepeace,bmakepeace1y@harvard.edu,Portugal
72,Sarina,Tebbett,stebbett1z@webnode.com,Indonesia
73,Johna,Cotterel,jcotterel20@answers.com,Thailand
74,Jude,Calbrathe,jcalbrathe21@patch.com,Peru
75,Karlis,Brewitt,kbrewitt22@twitter.com,United Kingdom
76,Margaretta,Banker,mbanker23@ustream.tv,Russia
77,Marlin,Boatwright,mboatwright24@constantcontact.com,Japan
78,Akim,Dowtry,adowtry25@sohu.com,Japan
79,Lisha,Philler,lphiller26@linkedin.com,Ukraine
80,Shanan,Fittis,sfittis27@w3.org,China
81,Piotr,Ballach,pballach28@feedburner.com,United Kingdom
82,Bryna,Johnston,bjohnston29@xinhuanet.com,United States
83,Tisha,Fulton,tfulton2a@wired.com,Azerbaijan
84,Sarene,McGeachy,smcgeachy2b@samsung.com,Russia
85,Merilee,Pettigree,mpettigree2c@comsenz.com,Netherlands
86,Alick,Forsdyke,aforsdyke2d@ucsd.edu,Russia
87,Lila,Heyfield,lheyfield2e@tumblr.com,Indonesia
88,Kay,Tomini,ktomini2f@jimdo.com,Philippines
89,Shara,Kitchenside,skitchenside2g@vistaprint.com,Philippines
90,Christal,Hackwell,chackwell2h@theatlantic.com,Sweden
91,Ardelle,Dobbing,adobbing2i@csmonitor.com,Philippines
92,Leeland,Addison,laddison2j@google.fr,Colombia
93,Anthe,Ginn,aginn2k@cbsnews.com,China
94,Edita,Labusquiere,elabusquiere2l@cnet.com,China
95,Beitris,Pumphreys,bpumphreys2m@pagesperso-orange.fr,China
96,Karalynn,Whordley,kwhordley2n@posterous.com,Nigeria
97,Anne,Leighfield,aleighfield2o@oakley.com,Brazil
98,Waylen,Ackery,wackery2p@nsw.gov.au,China
99,Granny,Conway,gconway2q@ucoz.ru,China
100,Saudra,Duddle,sduddle2r@unesco.org,Lesotho
101,Mozelle,Burkhill,mburkhill2s@washingtonpost.com,Indonesia
102,Jorry,Galpen,jgalpen2t@weather.com,Poland
103,Talia,Jeenes,tjeenes2u@netscape.com,Ukraine
104,Evania,Gunderson,egunderson2v@newyorker.com,Mongolia
105,Zeke,Medendorp,zmedendorp2w@buzzfeed.com,Indonesia
106,Dorelle,Moyne,dmoyne2x@microsoft.com,Norway
107,Augusta,Gabites,agabites2y@upenn.edu,Russia
108,Kacey,Batten,kbatten2z@netlog.com,China
109,Rubin,Ducarel,rducarel30@google.es,Malaysia
110,Fabio,Bleaden,fbleaden31@phpbb.com,China
111,Hanni,Battison,hbattison32@1und1.de,Mongolia
112,Sammy,Aimer,saimer33@ft.com,China
113,Arnie,Huckle,ahuckle34@apache.org,Czech Republic
114,Iorgos,Ciobotaru,iciobotaru35@skyrock.com,China
115,Natka,Camps,ncamps36@myspace.com,China
116,Denys,Sergison,dsergison37@webmd.com,Portugal
117,Audrye,Balassa,abalassa38@domainmarket.com,China
118,Madelena,Chazelas,mchazelas39@java.com,China
119,Rosetta,Franey,rfraney3a@elpais.com,Russia
120,Neil,Lightowlers,nlightowlers3b@cdbaby.com,Russia
121,Florie,Sirmon,fsirmon3c@unesco.org,China
122,Shep,Bouts,sbouts3d@blinklist.com,Indonesia
123,Alan,Featherston,afeatherston3e@nps.gov,China
124,Alayne,Georg,ageorg3f@tuttocitta.it,Thailand
125,Delilah,Newband,dnewband3g@youku.com,Russia
126,Dare,Van der Brug,dvanderbrug3h@kickstarter.com,China
127,Abbe,Petchell,apetchell3i@reddit.com,Iran
128,Tam,McGinn,tmcginn3j@whitehouse.gov,Philippines
129,Claudetta,Langthorne,clangthorne3k@sina.com.cn,China
130,Shamus,Domenichelli,sdomenichelli3l@ebay.com,Colombia
131,Octavia,Thurlborn,othurlborn3m@indiatimes.com,Greece
132,Shawn,Chasle,schasle3n@opensource.org,Slovenia
133,Olympie,Seage,oseage3o@tumblr.com,Portugal
134,Emlynn,Sainsberry,esainsberry3p@ca.gov,Indonesia
135,Ivie,Laddle,iladdle3q@g.co,Colombia
136,Rahal,Myhan,rmyhan3r@smh.com.au,China
137,Alidia,Flippen,aflippen3s@shinystat.com,China
138,Iver,Vallens,ivallens3t@slideshare.net,Portugal
139,Amelina,Gronw,agronw3u@mlb.com,China
140,Sadie,Dowd,sdowd3v@jigsy.com,Honduras
141,Celie,Wiltshier,cwiltshier3w@irs.gov,Cuba
142,Matty,Bertl,mbertl3x@nps.gov,Indonesia
143,Sarge,Ringsell,sringsell3y@biblegateway.com,Guatemala
144,Pierette,Moyse,pmoyse3z@xing.com,Mexico
145,Allyn,Pryke,apryke40@dmoz.org,Indonesia
146,Delano,Summerlee,dsummerlee41@bandcamp.com,Haiti
147,Fitz,Kuhnt,fkuhnt42@cnbc.com,Brazil
148,Emma,Goghin,egoghin43@infoseek.co.jp,Pakistan
149,Daron,Coop,dcoop44@hubpages.com,China
150,Malena,Ansell,mansell45@guardian.co.uk,Japan
151,Julie,Avrasin,javrasin46@rakuten.co.jp,Indonesia
152,Doy,Peller,dpeller47@bluehost.com,Japan
153,Benedikta,Brickham,bbrickham48@japanpost.jp,Portugal
154,Adan,Campanelle,acampanelle49@hc360.com,Poland
155,Kermie,Longworth,klongworth4a@hugedomains.com,Palestinian Territory
156,Sarita,Mothersdale,smothersdale4b@bbb.org,China
157,Jameson,Gostick,jgostick4c@imgur.com,Pakistan
158,Audrye,Bromage,abromage4d@wordpress.org,Russia
159,Irwin,Fanshaw,ifanshaw4e@cbslocal.com,Afghanistan
160,Susannah,Giuron,sgiuron4f@yahoo.co.jp,China
161,Hilary,Lasty,hlasty4g@wired.com,Sweden
162,Wiatt,Wollaston,wwollaston4h@skyrock.com,Czech Republic
163,Axe,Critten,acritten4i@storify.com,United States
164,Michaelina,Thunders,mthunders4j@skype.com,Indonesia
165,Danila,Woolager,dwoolager4k@princeton.edu,China
166,Merwyn,Fedynski,mfedynski4l@sogou.com,Zimbabwe
167,Tomaso,Brantzen,tbrantzen4m@shareasale.com,Indonesia
168,Demetre,Melsom,dmelsom4n@usda.gov,Vietnam
169,Luke,Baglow,lbaglow4o@nhs.uk,Philippines
170,Kele,McFaul,kmcfaul4p@dailymail.co.uk,Indonesia
171,Layla,Yanuk,lyanuk4q@i2i.jp,Honduras
172,Lu,Lismer,llismer4r@cargocollective.com,Indonesia
173,Claudian,Spurrier,cspurrier4s@delicious.com,Afghanistan
174,Wallas,Cawsby,wcawsby4t@cyberchimps.com,Nigeria
175,Thedric,Sutheran,tsutheran4u@discuz.net,Sierra Leone
176,Whit,Dignon,wdignon4v@symantec.com,Indonesia
177,Mitchael,Morcom,mmorcom4w@cafepress.com,China
178,Blanca,Bushe,bbushe4x@instagram.com,Sweden
179,Emili,Ladyman,eladyman4y@ucoz.com,Serbia
180,Simmonds,Cruce,scruce4z@auda.org.au,East Timor
181,Haven,Stores,hstores50@bizjournals.com,France
182,Claudie,Gudgin,cgudgin51@spotify.com,China
183,Caprice,Robinett,crobinett52@google.com.hk,Indonesia
184,Phylys,Lacheze,placheze53@ustream.tv,United States
185,Brit,Goly,bgoly54@wikimedia.org,Philippines
186,Enid,Pengelly,epengelly55@w3.org,Greece
187,Mannie,Rame,mrame56@geocities.com,United States
188,Simona,Humberstone,shumberstone57@columbia.edu,Nigeria
189,Zerk,Iacoviello,ziacoviello58@miitbeian.gov.cn,China
190,Nicola,Loxton,nloxton59@macromedia.com,China
191,Nicolais,Atwel,natwel5a@europa.eu,Poland
192,Constantine,Cotilard,ccotilard5b@seesaa.net,Philippines
193,Ruperto,Brack,rbrack5c@blogtalkradio.com,France
194,Natalie,Rowat,nrowat5d@prweb.com,Philippines
195,Valenka,Sandford,vsandford5e@people.com.cn,Poland
196,Thaddeus,Ragg,tragg5f@yelp.com,Macedonia
197,Stefanie,Klouz,sklouz5g@t.co,Azerbaijan
198,Florence,de Marco,fdemarco5h@flavors.me,Ukraine
199,Brooks,Leydon,bleydon5i@mit.edu,Portugal
200,Aurthur,Higford,ahigford5j@wsj.com,Russia
201,Kellen,Sibary,ksibary5k@gizmodo.com,Greece
202,Caroljean,Hambling,chambling5l@washington.edu,Sweden
203,Ebonee,O'Donnell,eodonnell5m@hud.gov,Cuba
204,Myrta,Bussel,mbussel5n@ycombinator.com,Russia
205,Rafael,Falconer-Taylor,rfalconertaylor5o@ow.ly,Cuba
206,Emmaline,Tapscott,etapscott5p@blogger.com,Mexico
207,Randi,Street,rstreet5q@cargocollective.com,Greece
208,Johannes,Brownlow,jbrownlow5r@guardian.co.uk,China
209,Giorgia,Trevaskus,gtrevaskus5s@phoca.cz,Sweden
210,Martie,Mulchrone,mmulchrone5t@1688.com,Mexico
211,Guenevere,Holyard,gholyard5u@mysql.com,Greece
212,Trenton,Hayball,thayball5v@sbwire.com,Russia
213,Stephan,Sindle,ssindle5w@about.me,Georgia
214,Hortensia,Stollard,hstollard5x@japanpost.jp,Indonesia
215,Hana,Denkel,hdenkel5y@tripadvisor.com,Albania
216,Selene,Stevani,sstevani5z@cdbaby.com,Moldova
217,Demetrius,Shallcrass,dshallcrass60@google.cn,China
218,Livvy,Grace,lgrace61@epa.gov,China
219,Kenton,Schirak,kschirak62@forbes.com,Canada
220,Mikey,Joburn,mjoburn63@usnews.com,China
221,Roby,Comer,rcomer64@surveymonkey.com,Russia
222,Catharine,Conkey,cconkey65@utexas.edu,Albania
223,Brandise,Quinell,bquinell66@indiegogo.com,China
224,Kennith,Hefford,khefford67@tumblr.com,Macedonia
225,Alisun,Corrie,acorrie68@craigslist.org,Sweden
226,Letti,Westmore,lwestmore69@theguardian.com,Philippines
227,Rodolphe,Hovey,rhovey6a@google.ru,Philippines
228,Donnie,Verdy,dverdy6b@elegantthemes.com,Oman
229,Ciro,Walkden,cwalkden6c@google.it,Philippines
230,Lani,Smithend,lsmithend6d@dailymail.co.uk,Poland
231,Gallagher,Merida,gmerida6e@loc.gov,Syria
232,Janis,Tilt,jtilt6f@paginegialle.it,Russia
233,Raddie,Wetherald,rwetherald6g@dmoz.org,Indonesia
234,Kylen,Hearst,khearst6h@google.ru,Mexico
235,Arni,Debell,adebell6i@typepad.com,Yemen
236,Enriqueta,Thwaite,ethwaite6j@wikimedia.org,Portugal
237,Marsha,Kruse,mkruse6k@japanpost.jp,China
238,Roanne,Castilljo,rcastilljo6l@tumblr.com,Slovenia
239,Marys,FitzGibbon,mfitzgibbon6m@phpbb.com,Mauritius
240,Lucille,Macveigh,lmacveigh6n@hatena.ne.jp,Finland
241,Delila,Klemps,dklemps6o@scientificamerican.com,United States
242,Pauletta,Blazewicz,pblazewicz6p@google.com.hk,Luxembourg
243,Truda,Ilden,tilden6q@furl.net,China
244,Calli,Pinchon,cpinchon6r@eventbrite.com,Jamaica
245,Elfreda,Hurlestone,ehurlestone6s@nih.gov,United States
246,Valeria,Cottee,vcottee6t@tinypic.com,China
247,Thedrick,Ghilardi,tghilardi6u@narod.ru,Ukraine
248,Grove,Duthie,gduthie6v@bigcartel.com,Russia
249,Christiane,Hackin,chackin6w@skyrock.com,Iran
250,Celinka,Dodsley,cdodsley6x@networksolutions.com,Indonesia
251,Karylin,Vasyukhnov,kvasyukhnov6y@istockphoto.com,China
252,Eolande,Chong,echong6z@godaddy.com,Poland
253,Fair,Tuckerman,ftuckerman70@networkadvertising.org,China
254,Renate,Simeonov,rsimeonov71@t-online.de,Philippines
255,Isidor,Blanque,iblanque72@hugedomains.com,Slovakia
256,Yves,Cowill,ycowill73@nsw.gov.au,Philippines
257,Ara,Alwell,aalwell74@xing.com,Mexico
258,Jedediah,Clausewitz,jclausewitz75@illinois.edu,Russia
259,Olwen,Mott,omott76@indiatimes.com,Thailand
260,Hansiain,Guiducci,hguiducci77@pbs.org,Kazakhstan
261,Margy,Espin,mespin78@twitpic.com,Philippines
262,Jacquelin,Flacke,jflacke79@trellian.com,Indonesia
263,Chandal,Pawels,cpawels7a@4shared.com,Panama
264,Marya,Alphege,malphege7b@nbcnews.com,Indonesia
265,Arman,Blodget,ablodget7c@seattletimes.com,Syria
266,Constantia,Hanbridge,chanbridge7d@weather.com,Rwanda
267,Ivonne,Sudworth,isudworth7e@blogtalkradio.com,Nigeria
268,Iolanthe,Drepp,idrepp7f@cbsnews.com,China
269,Tremain,Durbann,tdurbann7g@etsy.com,Vietnam
270,Ab,Allix,aallix7h@nhs.uk,Philippines
271,Iorgo,Nickolls,inickolls7i@ustream.tv,Sweden
272,Glynn,Brightman,gbrightman7j@storify.com,Colombia
273,Corella,Cobb,ccobb7k@ihg.com,Iran
274,Gabe,Connolly,gconnolly7l@lulu.com,Russia
275,Klarika,Featley,kfeatley7m@plala.or.jp,Jamaica
276,Mariette,Cakebread,mcakebread7n@soundcloud.com,Poland
277,Nicoline,Osgerby,nosgerby7o@scribd.com,France
278,Harri,Boyes,hboyes7p@webeden.co.uk,Taiwan
279,Wilmer,Akess,wakess7q@hexun.com,France
280,Lilli,Franck,lfranck7r@walmart.com,China
281,Angil,Nasi,anasi7s@amazonaws.com,Japan
282,Crista,Olyunin,colyunin7t@indiegogo.com,China
283,Eveline,Hamerton,ehamerton7u@geocities.com,United Kingdom
284,Kain,Shitliff,kshitliff7v@wisc.edu,Mexico
285,Adele,Guerre,aguerre7w@naver.com,France
286,Terry,Basnett,tbasnett7x@printfriendly.com,Cameroon
287,Petronella,Bwye,pbwye7y@issuu.com,Poland
288,Toiboid,Fozzard,tfozzard7z@cornell.edu,Malaysia
289,Phineas,Hearst,phearst80@hostgator.com,Brazil
290,Timmy,Ibbitson,tibbitson81@i2i.jp,China
291,Fielding,Jeromson,fjeromson82@nih.gov,Lithuania
292,Elisha,Ilbert,eilbert83@cloudflare.com,Tunisia
293,Russ,Rotter,rrotter84@eventbrite.com,Philippines
294,Eydie,Meeny,emeeny85@jugem.jp,Portugal
295,Lynette,Liley,lliley86@cdbaby.com,Costa Rica
296,Schuyler,Haselden,shaselden87@ftc.gov,Philippines
297,Jeddy,Hicken,jhicken88@dailymotion.com,Philippines
298,Batsheva,Primak,bprimak89@sourceforge.net,United States
299,Josephine,Lyle,jlyle8a@tmall.com,France
300,Rock,Robiot,rrobiot8b@reverbnation.com,Azerbaijan
301,Riki,Rallin,rrallin8c@smugmug.com,China
302,Ginni,Janeway,gjaneway8d@tamu.edu,Bosnia and Herzegovina
303,Bill,Posnette,bposnette8e@netscape.com,South Africa
304,Abe,Doctor,adoctor8f@pen.io,Pakistan
305,Berta,Folbigg,bfolbigg8g@youku.com,Libya
306,Maressa,Alyonov,malyonov8h@sbwire.com,Poland
307,Eberto,Jaimez,ejaimez8i@xrea.com,Brazil
308,Timmi,Ells,tells8j@ihg.com,Taiwan
309,Rutherford,Rowbury,rrowbury8k@ycombinator.com,Argentina
310,Oren,Rikkard,orikkard8l@sciencedirect.com,Russia
311,Monika,Bompass,mbompass8m@is.gd,France
312,Conchita,Delacourt,cdelacourt8n@youtube.com,Russia
313,Tobin,Ruckman,truckman8o@prnewswire.com,Greece
314,Steve,Solly,ssolly8p@imgur.com,China
315,Colby,Capey,ccapey8q@china.com.cn,United States
316,Selig,Missenden,smissenden8r@smugmug.com,China
317,Engelbert,Resun,eresun8s@homestead.com,Indonesia
318,Shea,Collard,scollard8t@cnet.com,Brazil
319,Mala,Scholey,mscholey8u@ustream.tv,France
320,Garrard,Lidbetter,glidbetter8v@networkadvertising.org,Latvia
321,Erv,Thorndale,ethorndale8w@opensource.org,China
322,Madelin,Trubshawe,mtrubshawe8x@addtoany.com,China
323,Anni,Grut,agrut8y@unc.edu,Brazil
324,Shannan,Sowersby,ssowersby8z@technorati.com,China
325,Adena,Aviss,aaviss90@dropbox.com,Philippines
326,Garrett,Revell,grevell91@alexa.com,Indonesia
327,Gena,Mathon,gmathon92@smugmug.com,Philippines
328,Koral,Sinnie,ksinnie93@disqus.com,Poland
329,Koo,Creasey,kcreasey94@omniture.com,Indonesia
330,Ludovico,Saint,lsaint95@earthlink.net,Paraguay
331,Angelo,Lowten,alowten96@parallels.com,Indonesia
332,Demetrius,Cornborough,dcornborough97@comsenz.com,Palestinian Territory
333,Oralle,Gason,ogason98@dropbox.com,China
334,Annecorinne,de la Valette Parisot,adelavaletteparisot99@google.nl,China
335,Wilburt,Aleksashin,waleksashin9a@zimbio.com,China
336,Beverly,Labbati,blabbati9b@oakley.com,Thailand
337,Tamiko,Rockhall,trockhall9c@rakuten.co.jp,Russia
338,Rafferty,Kneeshaw,rkneeshaw9d@ibm.com,Czech Republic
339,Francyne,Killner,fkillner9e@sitemeter.com,Indonesia
340,Tymothy,Kildale,tkildale9f@github.io,Philippines
341,Wally,Saker,wsaker9g@vistaprint.com,South Africa
342,Alison,Mattiello,amattiello9h@microsoft.com,Norway
343,Giorgio,Edinboro,gedinboro9i@cloudflare.com,Peru
344,Burton,Piccop,bpiccop9j@1und1.de,Poland
345,Shandeigh,Patis,spatis9k@so-net.ne.jp,Guatemala
346,Gardiner,McTaggart,gmctaggart9l@wordpress.com,Canada
347,Chiarra,Wilks,cwilks9m@istockphoto.com,Indonesia
348,Arleen,Clear,aclear9n@ameblo.jp,China
349,Amory,Birdfield,abirdfield9o@japanpost.jp,Poland
350,Tybi,Heathcote,theathcote9p@yolasite.com,Indonesia
351,Maud,De Hailes,mdehailes9q@amazon.com,Democratic Republic of the Congo
352,Mohandis,Perrot,mperrot9r@pen.io,Philippines
353,Maure,Zorzini,mzorzini9s@friendfeed.com,Angola
354,Sutherland,Geer,sgeer9t@nymag.com,France
355,Lenci,Simpole,lsimpole9u@rediff.com,China
356,Wainwright,Derrett,wderrett9v@live.com,China
357,Theodora,Zmitruk,tzmitruk9w@sbwire.com,Sweden
358,Giordano,Sugg,gsugg9x@europa.eu,Indonesia
359,Gwennie,Borres,gborres9y@va.gov,China
360,Brennan,Perago,bperago9z@wunderground.com,Philippines
361,Lizette,Pighills,lpighillsa0@berkeley.edu,Brazil
362,Alex,Scarratt,ascarratta1@psu.edu,Thailand
363,Gael,Antill,gantilla2@tripadvisor.com,China
364,Mile,McFaul,mmcfaula3@a8.net,Lebanon
365,Alexandros,Gronowe,agronowea4@japanpost.jp,China
366,Orelia,Lomasna,olomasnaa5@sogou.com,Iceland
367,Rebeka,Teenan,rteenana6@aboutads.info,Philippines
368,Storm,Hedworth,shedwortha7@disqus.com,South Africa
369,Ichabod,Chasmer,ichasmera8@squidoo.com,Denmark
370,Gus,Gowman,ggowmana9@usda.gov,Nigeria
371,Pippa,Sikorsky,psikorskyaa@fotki.com,Mexico
372,Erskine,Cahen,ecahenab@parallels.com,Japan
373,Querida,Vallender,qvallenderac@jalbum.net,Bosnia and Herzegovina
374,Tyne,Kuhnke,tkuhnkead@amazonaws.com,Argentina
375,Nester,Ollive,nolliveae@multiply.com,Indonesia
376,Meade,Emanuele,memanueleaf@unblog.fr,Morocco
377,Cathrine,Ride,crideag@mashable.com,Philippines
378,Durante,Bris,dbrisah@technorati.com,Thailand
379,Kathy,Squibb,ksquibbai@example.com,Malaysia
380,Bernadene,Creffeild,bcreffeildaj@tinyurl.com,Brazil
381,Curry,Snuggs,csnuggsak@latimes.com,China
382,Spense,Redrup,sredrupal@imgur.com,France
383,Kate,Burt,kburtam@ftc.gov,Somalia
384,Julina,Glentworth,jglentworthan@independent.co.uk,China
385,Sorcha,Basnett,sbasnettao@oakley.com,Poland
386,Ericha,Goozee,egoozeeap@github.io,Russia
387,Doretta,Tuminelli,dtuminelliaq@yahoo.com,China
388,Fania,Ludovico,fludovicoar@boston.com,Slovenia
389,Julie,Ellingsworth,jellingsworthas@about.com,Japan
390,Brose,Bjerkan,bbjerkanat@artisteer.com,Peru
391,Elmer,Chidlow,echidlowau@netscape.com,China
392,Jefferey,William,jwilliamav@statcounter.com,Portugal
393,Randie,Collingworth,rcollingworthaw@jimdo.com,Philippines
394,Truman,Smylie,tsmylieax@thetimes.co.uk,China
395,Lark,Caban,lcabanay@nature.com,China
396,Drusie,Threadgould,dthreadgouldaz@dailymail.co.uk,Peru
397,Evelyn,Brunesco,ebrunescob0@cbsnews.com,Bulgaria
398,Paddy,Maryska,pmaryskab1@ucoz.ru,Afghanistan
399,Cynthie,Kippling,ckipplingb2@naver.com,Peru
400,Lacie,McCorley,lmccorleyb3@oaic.gov.au,Brazil
401,Myron,Pudsey,mpudseyb4@flavors.me,Japan
402,Bordy,Hodge,bhodgeb5@intel.com,North Korea
403,Milt,Rankin,mrankinb6@posterous.com,Russia
404,Bunni,Marking,bmarkingb7@nsw.gov.au,Serbia
405,Melonie,Mawdsley,mmawdsleyb8@vinaora.com,China
406,Joy,Ramalhete,jramalheteb9@youku.com,China
407,Jerri,Priscott,jpriscottba@sourceforge.net,China
408,Tiffie,Ingray,tingraybb@sphinn.com,Portugal
409,Dannie,Massimi,dmassimibc@earthlink.net,Russia
410,Beatrisa,Hassent,bhassentbd@uiuc.edu,Bosnia and Herzegovina
411,Petronia,Babinski,pbabinskibe@is.gd,Czech Republic
412,Boyd,Stubbley,bstubbleybf@weibo.com,Indonesia
413,Johny,Jarratt,jjarrattbg@123-reg.co.uk,Russia
414,Barnabe,Dunckley,bdunckleybh@istockphoto.com,Canada
415,Rhetta,Goodbur,rgoodburbi@cocolog-nifty.com,Philippines
416,Ange,Thackston,athackstonbj@oracle.com,Azerbaijan
417,Selia,Obell,sobellbk@cnn.com,China
418,Roma,Wass,rwassbl@naver.com,China
419,Kippar,Melmar,kmelmarbm@hao123.com,Peru
420,Nikos,Ingall,ningallbn@cyberchimps.com,Portugal
421,Stephanie,MacLaren,smaclarenbo@salon.com,Colombia
422,Odelle,Feldbaum,ofeldbaumbp@w3.org,Colombia
423,Eli,Braidman,ebraidmanbq@wiley.com,France
424,Claybourne,Djurevic,cdjurevicbr@multiply.com,Poland
425,Hermie,McMinn,hmcminnbs@phoca.cz,Philippines
426,Willem,Fellona,wfellonabt@slashdot.org,Philippines
427,Mikkel,Goodhand,mgoodhandbu@scientificamerican.com,Burkina Faso
428,Rosy,Jull,rjullbv@ameblo.jp,Afghanistan
429,Arvy,Jonathon,ajonathonbw@csmonitor.com,Thailand
430,Nata,Jaggs,njaggsbx@ning.com,Thailand
431,Brita,Bolingbroke,bbolingbrokeby@goodreads.com,Comoros
432,Dimitry,Comerford,dcomerfordbz@w3.org,Estonia
433,Davey,Guiduzzi,dguiduzzic0@huffingtonpost.com,Sudan
434,Vonnie,Malim,vmalimc1@cornell.edu,China
435,Gretta,Dummigan,gdummiganc2@blogs.com,Mexico
436,Petronia,Bartens,pbartensc3@imageshack.us,Japan
437,Erv,Santostefano.,esantostefanoc4@weather.com,China
438,Bren,Burstow,bburstowc5@mapquest.com,Finland
439,Bat,Tutchell,btutchellc6@pagesperso-orange.fr,United States
440,Gavan,Van Dalen,gvandalenc7@de.vu,United States
441,Barbabas,Gergolet,bgergoletc8@freewebs.com,Palestinian Territory
442,Ethyl,Woolens,ewoolensc9@disqus.com,Sweden
443,Tanya,Gaw,tgawca@51.la,Oman
444,Karlie,Bethell,kbethellcb@edublogs.org,Poland
445,Melba,Eykelhof,meykelhofcc@themeforest.net,China
446,Annetta,Oates,aoatescd@uol.com.br,China
447,Genny,Fauguel,gfauguelce@ning.com,China
448,Donny,Gard,dgardcf@ehow.com,Canada
449,Orland,Lilbourne,olilbournecg@godaddy.com,Pakistan
450,Corette,Prose,cprosech@fastcompany.com,Indonesia
451,Keven,Tapsell,ktapsellci@yellowbook.com,China
452,Ezekiel,O'Corren,eocorrencj@dropbox.com,Russia
453,Roxi,Sent,rsentck@newsvine.com,Ireland
454,Gerhardine,Stenyng,gstenyngcl@nasa.gov,Niger
455,Esmaria,Millett,emillettcm@ed.gov,France
456,Grete,Tasseler,gtasselercn@fema.gov,Kazakhstan
457,Vincenz,Hasson,vhassonco@wikia.com,China
458,Caddric,Dawkins,cdawkinscp@google.de,Sweden
459,Dolley,Ardern,darderncq@youtube.com,China
460,Burnard,Arkell,barkellcr@qq.com,Russia
461,Jacquie,Westerman,jwestermancs@noaa.gov,Indonesia
462,Jodie,Renackowna,jrenackownact@elegantthemes.com,United States
463,Janis,Lindenblatt,jlindenblattcu@gmpg.org,Thailand
464,Manfred,Torresi,mtorresicv@uiuc.edu,Laos
465,Godiva,Cristofanini,gcristofaninicw@multiply.com,Japan
466,Rodolfo,Bosley,rbosleycx@ning.com,El Salvador
467,Porty,Wray,pwraycy@github.com,China
468,Hartwell,Tersay,htersaycz@weebly.com,Argentina
469,Clementia,Lafflina,clafflinad0@stanford.edu,Philippines
470,Freida,Attock,fattockd1@sphinn.com,China
471,Silvester,Sybe,ssybed2@smugmug.com,Argentina
472,Daron,Pendreigh,dpendreighd3@booking.com,Guatemala
473,Myrta,Cozins,mcozinsd4@joomla.org,Portugal
474,Tami,Clyma,tclymad5@homestead.com,Nepal
475,Pavla,Feake,pfeaked6@baidu.com,United States
476,Eulalie,Gamwell,egamwelld7@patch.com,Cuba
477,Verney,Riches,vrichesd8@fastcompany.com,China
478,Sheffie,Joynt,sjoyntd9@wp.com,Malta
479,Jeanine,Norwell,jnorwellda@facebook.com,Cuba
480,Delmore,Barford,dbarforddb@netlog.com,Portugal
481,Norene,Ruspine,nruspinedc@wikispaces.com,Netherlands
482,Hans,Janman,hjanmandd@discovery.com,Indonesia
483,Cyndia,Van den Broek,cvandenbroekde@flavors.me,Argentina
484,Selina,Jurek,sjurekdf@mysql.com,Poland
485,Dalis,Glendinning,dglendinningdg@nymag.com,China
486,Magdaia,Willicott,mwillicottdh@noaa.gov,Colombia
487,Hyman,Duffer,hdufferdi@youku.com,Ethiopia
488,Connie,Juza,cjuzadj@t.co,Ukraine
489,Cecile,Hallford,challforddk@barnesandnoble.com,Norway
490,Dorothy,Drillingcourt,ddrillingcourtdl@house.gov,China
491,Britt,Callen,bcallendm@lulu.com,Sweden
492,Randene,Monni,rmonnidn@symantec.com,Philippines
493,Shellie,Losebie,slosebiedo@utexas.edu,Belarus
494,Will,Grigorescu,wgrigorescudp@nba.com,Ukraine
495,Silas,Rosencrantz,srosencrantzdq@netvibes.com,Indonesia
496,Graham,Eyden,geydendr@unblog.fr,Brazil
497,Jean,Desouza,jdesouzads@wunderground.com,China
498,Caresa,Pavolillo,cpavolillodt@soup.io,China
499,Eddy,Lowder,elowderdu@tripadvisor.com,China
500,Joe,Gilchrist,jgilchristdv@cnet.com,France
501,Constantia,Tudhope,ctudhopedw@cbslocal.com,Bangladesh
502,Urban,Foro,uforodx@time.com,Colombia
503,Cully,Demaine,cdemainedy@list-manage.com,Vietnam
504,Joelle,Koppen,jkoppendz@arstechnica.com,Bolivia
505,Giacopo,Probate,gprobatee0@oracle.com,China
506,Melloney,Hamson,mhamsone1@ning.com,Japan
507,Kendrick,Slayny,kslaynye2@infoseek.co.jp,Peru
508,Jonell,Sherrard,jsherrarde3@oaic.gov.au,Albania
509,Hortense,Ferreri,hferrerie4@mac.com,Afghanistan
510,Marianne,Campey,mcampeye5@kickstarter.com,Portugal
511,Caleb,Kennealy,ckennealye6@shutterfly.com,Indonesia
512,Arlette,Negus,aneguse7@loc.gov,Greece
513,Frannie,Flatley,fflatleye8@fema.gov,Vietnam
514,Meyer,Vakhlov,mvakhlove9@comcast.net,Syria
515,Peria,Kybird,pkybirdea@shutterfly.com,Sweden
516,Cleo,Eldrett,celdretteb@cloudflare.com,China
517,Freddy,Fone,ffoneec@g.co,Kenya
518,Karine,Greedyer,kgreedyered@gov.uk,Sweden
519,Sherm,Desborough,sdesboroughee@thetimes.co.uk,Greece
520,Mose,Mayward,mmaywardef@spotify.com,Indonesia
521,Misha,Perot,mperoteg@bloomberg.com,Indonesia
522,Ray,Woodthorpe,rwoodthorpeeh@yellowpages.com,Colombia
523,Lindy,Shepherdson,lshepherdsonei@weibo.com,Czech Republic
524,Stephanus,Simoes,ssimoesej@house.gov,Argentina
525,Osbourn,Tommaseo,otommaseoek@narod.ru,Russia
526,Kimberlyn,Pellamonuten,kpellamonutenel@google.ru,Iran
527,Adham,Akenhead,aakenheadem@yale.edu,Philippines
528,Kile,Poure,kpoureen@blinklist.com,Japan
529,Kimbra,Mellenby,kmellenbyeo@shop-pro.jp,Japan
530,Bartlet,McTrusty,bmctrustyep@lulu.com,China
531,Issi,Langley,ilangleyeq@deliciousdays.com,Poland
532,Deb,Connock,dconnocker@blog.com,China
533,Eleni,Lugsdin,elugsdines@amazon.co.uk,Finland
534,Ninnette,Fourmy,nfourmyet@comcast.net,China
535,Gavin,Bails,gbailseu@bloglovin.com,France
536,Luelle,Elsop,lelsopev@youtu.be,Paraguay
537,Nata,Pilmer,npilmerew@netscape.com,Russia
538,Zed,Basey,zbaseyex@amazonaws.com,China
539,Thom,Shane,tshaneey@cbsnews.com,China
540,Gasparo,Branney,gbranneyez@gizmodo.com,South Africa
541,Francene,Steddall,fsteddallf0@abc.net.au,Peru
542,Reilly,Loveredge,rloveredgef1@sina.com.cn,China
543,Maryellen,Jenne,mjennef2@comsenz.com,France
544,Dorotea,Mordan,dmordanf3@patch.com,Somalia
545,Mathias,Roscrigg,mroscriggf4@dyndns.org,Russia
546,Dexter,O' Mahony,domahonyf5@sfgate.com,Indonesia
547,Julietta,Hotton,jhottonf6@fc2.com,China
548,Kizzee,Stille,kstillef7@cmu.edu,Honduras
549,Celina,Downey,cdowneyf8@ustream.tv,Indonesia
550,Gabriella,Janek,gjanekf9@slideshare.net,Sweden
551,Marlena,Popley,mpopleyfa@uiuc.edu,Indonesia
552,Laurena,Fortye,lfortyefb@jugem.jp,China
553,Bradly,Tomowicz,btomowiczfc@springer.com,China
554,Luigi,Gumey,lgumeyfd@w3.org,Cuba
555,Tally,Goward,tgowardfe@squidoo.com,Mongolia
556,Eleen,Cluatt,ecluattff@rakuten.co.jp,Mongolia
557,Caresse,Allender,callenderfg@multiply.com,China
558,Augustina,Picford,apicfordfh@ask.com,Brazil
559,Aubert,Daborn,adabornfi@1und1.de,Iceland
560,Idaline,Lumsdaine,ilumsdainefj@washington.edu,Indonesia
561,Kate,Baines,kbainesfk@nbcnews.com,Indonesia
562,Crissy,Jennaroy,cjennaroyfl@apple.com,China
563,Odelle,D'Alessio,odalessiofm@i2i.jp,Brazil
564,Vivyanne,Chazette,vchazettefn@cnbc.com,Japan
565,Haroun,Kirkpatrick,hkirkpatrickfo@weibo.com,Netherlands
566,Imogen,Hyman,ihymanfp@mozilla.org,Uganda
567,Betsey,De Bell,bdebellfq@weibo.com,Portugal
568,Winifred,Kiddey,wkiddeyfr@admin.ch,China
569,Curt,Tarpey,ctarpeyfs@berkeley.edu,China
570,Farleigh,Peasby,fpeasbyft@hc360.com,Philippines
571,Lizette,Ruck,lruckfu@comsenz.com,China
572,Fanchette,Hartmann,fhartmannfv@delicious.com,Greece
573,Garret,Beeswing,gbeeswingfw@globo.com,Greece
574,Jarad,Wooller,jwoollerfx@berkeley.edu,Netherlands
575,Dinnie,Fechnie,dfechniefy@tuttocitta.it,Portugal
576,Louisa,Engley,lengleyfz@eventbrite.com,Indonesia
577,Whitney,Ferens,wferensg0@cnn.com,China
578,Raphaela,Pinhorn,rpinhorng1@altervista.org,Benin
579,Cheryl,Turpie,cturpieg2@statcounter.com,Indonesia
580,Doroteya,Glossop,dglossopg3@homestead.com,Indonesia
581,Anne-corinne,Sammons,asammonsg4@csmonitor.com,Poland
582,Christi,Skune,cskuneg5@t.co,Indonesia
583,Cal,Lead,cleadg6@netlog.com,Ukraine
584,Jareb,Piscopiello,jpiscopiellog7@dion.ne.jp,Portugal
585,Winni,Yearn,wyearng8@rediff.com,Poland
586,Carlos,Puckrin,cpuckring9@patch.com,Poland
587,Alain,MacMakin,amacmakinga@columbia.edu,Brazil
588,Shelagh,Lawee,slaweegb@comsenz.com,Poland
589,Carlynne,Assiratti,cassirattigc@omniture.com,China
590,Gracie,Tithecote,gtithecotegd@is.gd,Colombia
591,Justino,Bloxland,jbloxlandge@booking.com,Greece
592,Becka,Stoller,bstollergf@goodreads.com,Sweden
593,Margie,Karys,mkarysgg@fc2.com,China
594,Maison,Ekkel,mekkelgh@yellowpages.com,Philippines
595,Nettle,Casserly,ncasserlygi@dailymotion.com,China
596,Nike,MacIllrick,nmacillrickgj@t-online.de,Uganda
597,Evonne,Woolner,ewoolnergk@t.co,Portugal
598,Omar,Cressar,ocressargl@go.com,Mexico
599,Barbara,Quirk,bquirkgm@jiathis.com,China
600,Levy,Carmichael,lcarmichaelgn@nsw.gov.au,Democratic Republic of the Congo
601,Carri,Ortmann,cortmanngo@altervista.org,Spain
602,Merola,Hurich,mhurichgp@disqus.com,Poland
603,Edd,Tidbold,etidboldgq@wordpress.com,Armenia
604,Niall,Jewson,njewsongr@scientificamerican.com,China
605,Westley,Stockle,wstocklegs@paginegialle.it,China
606,Gisele,Mullaly,gmullalygt@list-manage.com,Nigeria
607,Eleanore,Itchingham,eitchinghamgu@behance.net,Philippines
608,Stevie,Whiley,swhileygv@mit.edu,Colombia
609,Malorie,Madders,mmaddersgw@pagesperso-orange.fr,Vietnam
610,Livvie,Sitford,lsitfordgx@pbs.org,Poland
611,Morna,Huntly,mhuntlygy@umich.edu,Norway
612,Orelle,Yezafovich,oyezafovichgz@parallels.com,Philippines
613,Quentin,Pitblado,qpitbladoh0@people.com.cn,Philippines
614,Walker,Schule,wschuleh1@posterous.com,Indonesia
615,Marlena,Durdle,mdurdleh2@cpanel.net,Indonesia
616,Ogdon,Gaskarth,ogaskarthh3@chron.com,China
617,Jolee,Housbie,jhousbieh4@ucsd.edu,China
618,Merridie,Anger,mangerh5@homestead.com,Philippines
619,Correy,Olennikov,colennikovh6@pen.io,South Africa
620,Heall,Barday,hbardayh7@phpbb.com,Russia
621,Claus,Cawley,ccawleyh8@cafepress.com,Kazakhstan
622,Griffith,Croxford,gcroxfordh9@utexas.edu,Indonesia
623,Nissy,Kleen,nkleenha@biblegateway.com,Armenia
624,Berna,Matresse,bmatressehb@hp.com,Norway
625,Michele,Kill,mkillhc@artisteer.com,Bulgaria
626,Avrit,Hallworth,ahallworthhd@virginia.edu,Vietnam
627,Sabine,Dmytryk,sdmytrykhe@columbia.edu,China
628,Esteban,Ollerhad,eollerhadhf@w3.org,Philippines
629,Zonnya,Rosario,zrosariohg@buzzfeed.com,France
630,Sella,Minghi,sminghihh@google.com.au,Egypt
631,Barclay,Pitrollo,bpitrollohi@storify.com,Ecuador
632,Catrina,Polfer,cpolferhj@hugedomains.com,United States
633,Leanna,Crane,lcranehk@slideshare.net,Poland
634,Yale,Shears,yshearshl@mail.ru,Egypt
635,Gunar,Cockburn,gcockburnhm@alibaba.com,China
636,Lisa,Greenwood,lgreenwoodhn@dion.ne.jp,China
637,Florentia,Strangward,fstrangwardho@cisco.com,Honduras
638,Valera,Challin,vchallinhp@symantec.com,Malaysia
639,Raimund,Klimowski,rklimowskihq@imgur.com,Sweden
640,Kalina,Clapham,kclaphamhr@a8.net,Armenia
641,Lonna,Bereford,lberefordhs@ted.com,Albania
642,Cyrus,Ayrs,cayrsht@imdb.com,Armenia
643,Barde,Giorgiutti,bgiorgiuttihu@stumbleupon.com,Poland
644,Marchall,Berrygun,mberrygunhv@cargocollective.com,China
645,Josey,Ivons,jivonshw@ucla.edu,Philippines
646,Bab,McGaughay,bmcgaughayhx@adobe.com,Russia
647,Mycah,Walters,mwaltershy@eventbrite.com,China
648,Carlen,Late,clatehz@dailymail.co.uk,Uzbekistan
649,Sosanna,Tennet,stenneti0@4shared.com,Philippines
650,Coraline,Simms,csimmsi1@census.gov,Sudan
651,Birch,Leitche,bleitchei2@parallels.com,Russia
652,Yalonda,Paskins,ypaskinsi3@tamu.edu,Ukraine
653,Norby,Ottawell,nottawelli4@fema.gov,China
654,Bambi,Hellier,bhellieri5@delicious.com,Kazakhstan
655,Vicki,Tearney,vtearneyi6@posterous.com,Colombia
656,Derick,Branni,dbrannii7@studiopress.com,China
657,Marti,Patrone,mpatronei8@msu.edu,United States
658,Crissie,Rosettini,crosettinii9@examiner.com,Comoros
659,Viole,Frances,vfrancesia@blogtalkradio.com,Greece
660,Leshia,MacDuffie,lmacduffieib@washington.edu,China
661,Lianne,Blasli,lblasliic@dmoz.org,China
662,Waverly,Lisamore,wlisamoreid@infoseek.co.jp,Indonesia
663,Samantha,Swyne,sswyneie@parallels.com,China
664,Iggie,Kelso,ikelsoif@shinystat.com,Mongolia
665,Logan,Double,ldoubleig@newsvine.com,Portugal
666,Lara,Hiley,lhileyih@theglobeandmail.com,China
667,Reinaldos,Hartegan,rharteganii@chicagotribune.com,China
668,Marlon,Sharpous,msharpousij@intel.com,Russia
669,Belvia,MacDunleavy,bmacdunleavyik@adobe.com,Belize
670,Janice,Darracott,jdarracottil@indiegogo.com,China
671,Terrijo,Hopfner,thopfnerim@joomla.org,China
672,Myrle,McNee,mmcneein@ftc.gov,Netherlands
673,Mira,De Roos,mderoosio@state.tx.us,Russia
674,Arny,Dunbavin,adunbavinip@feedburner.com,France
675,Thebault,Ince,tinceiq@wix.com,United States
676,Jemima,Millhouse,jmillhouseir@mail.ru,Portugal
677,Dulsea,Dunkerton,ddunkertonis@goo.ne.jp,Peru
678,Holly,Lefort,hlefortit@weather.com,Portugal
679,Rozamond,Woolway,rwoolwayiu@stanford.edu,Norway
680,Devora,Kirlin,dkirliniv@census.gov,Syria
681,Frederico,Armer,farmeriw@issuu.com,Netherlands
682,Jasmin,Hedden,jheddenix@mit.edu,United States
683,Bobine,McPhelimey,bmcphelimeyiy@cnet.com,China
684,Flo,Imesen,fimeseniz@umn.edu,Russia
685,Nydia,O'Sirin,nosirinj0@meetup.com,Indonesia
686,Jacquetta,Geraghty,jgeraghtyj1@merriam-webster.com,Philippines
687,Rainer,Boards,rboardsj2@opera.com,Indonesia
688,Margarette,Deller,mdellerj3@uol.com.br,Madagascar
689,Corly,Koppel,ckoppelj4@stumbleupon.com,Russia
690,Eduardo,Labuschagne,elabuschagnej5@archive.org,Jordan
691,Bess,Jaquin,bjaquinj6@oakley.com,China
692,Tricia,Drew,tdrewj7@webeden.co.uk,Brazil
693,Lesley,Burnet,lburnetj8@cnbc.com,Iran
694,Antonetta,Conant,aconantj9@netscape.com,France
695,Kathrine,Kilduff,kkilduffja@java.com,Portugal
696,Luca,Pinch,lpinchjb@bing.com,Ukraine
697,Fidelia,Friedank,ffriedankjc@elpais.com,Poland
698,Rivy,Strowger,rstrowgerjd@elpais.com,Sudan
699,Rafaellle,Corradetti,rcorradettije@adobe.com,Poland
700,Deborah,Scohier,dscohierjf@hatena.ne.jp,Kazakhstan
701,Durante,Ewen,dewenjg@parallels.com,China
702,Lenna,Firbank,lfirbankjh@t.co,Pakistan
703,Marietta,Denholm,mdenholmji@tripadvisor.com,Canada
704,Felipa,Fontel,ffonteljj@mail.ru,China
705,Lemmie,Mansford,lmansfordjk@sina.com.cn,United States
706,Birdie,Gravett,bgravettjl@delicious.com,Indonesia
707,Gilles,Cicchelli,gcicchellijm@si.edu,Czech Republic
708,Clary,Caroll,ccarolljn@theglobeandmail.com,Philippines
709,Lori,Jewett,ljewettjo@amazon.com,Philippines
710,Sigismondo,Lachaize,slachaizejp@nhs.uk,Chile
711,Marcus,Gostyke,mgostykejq@tamu.edu,Brazil
712,Chip,Gillford,cgillfordjr@apache.org,Argentina
713,Liva,Hebblewhite,lhebblewhitejs@list-manage.com,Madagascar
714,Garek,Rojas,grojasjt@flavors.me,Myanmar
715,Nataline,Bushrod,nbushrodju@wufoo.com,Russia
716,Sue,Lansly,slanslyjv@addtoany.com,Indonesia
717,Gardiner,Goomes,ggoomesjw@booking.com,Belarus
718,Fannie,Josham,fjoshamjx@answers.com,Nicaragua
719,Carmella,Bernhardsson,cbernhardssonjy@delicious.com,Cuba
720,Mair,Jewett,mjewettjz@myspace.com,Slovenia
721,Godwin,Straneo,gstraneok0@ovh.net,Philippines
722,Luther,Devas,ldevask1@yahoo.com,Sweden
723,Patrica,Foden,pfodenk2@drupal.org,Peru
724,Veriee,Palmer,vpalmerk3@w3.org,China
725,Cilka,Banbrook,cbanbrookk4@ibm.com,Indonesia
726,Tabitha,Pemble,tpemblek5@phpbb.com,Philippines
727,Calvin,Sporton,csportonk6@sphinn.com,Brazil
728,Lucine,Essery,lesseryk7@scribd.com,Bulgaria
729,Hamnet,Kaufman,hkaufmank8@gnu.org,Poland
730,Zebedee,Camelia,zcameliak9@4shared.com,Afghanistan
731,Domingo,Balls,dballska@umn.edu,China
732,Shirline,Dewerson,sdewersonkb@geocities.com,China
733,Risa,Thicking,rthickingkc@blogtalkradio.com,Poland
734,Dalia,Giercke,dgierckekd@cnbc.com,Sweden
735,Rickey,Benka,rbenkake@google.com.au,Indonesia
736,Aristotle,Barr,abarrkf@sphinn.com,Nigeria
737,Renato,Holah,rholahkg@oaic.gov.au,Paraguay
738,Filberto,Brend,fbrendkh@cocolog-nifty.com,Portugal
739,Courtney,Mapstone,cmapstoneki@51.la,Portugal
740,Penny,Riddington,priddingtonkj@china.com.cn,Indonesia
741,Mollee,Killen,mkillenkk@miibeian.gov.cn,Mexico
742,Clayton,Durnford,cdurnfordkl@sciencedirect.com,China
743,Dulcinea,Dealy,ddealykm@timesonline.co.uk,Hungary
744,Ferdinand,Offin,foffinkn@free.fr,Tajikistan
745,Sari,Mattys,smattysko@so-net.ne.jp,China
746,Friedrick,Manton,fmantonkp@google.it,Peru
747,Nancey,Bankhurst,nbankhurstkq@wordpress.org,Paraguay
748,Othelia,Diver,odiverkr@macromedia.com,Indonesia
749,Caryl,Fedder,cfedderks@vinaora.com,Philippines
750,Skipper,Clopton,scloptonkt@ft.com,United States
751,Kinny,Friend,kfriendku@usgs.gov,Senegal
752,Lulita,Rusted,lrustedkv@ask.com,United States
753,Natalina,De Hoogh,ndehooghkw@godaddy.com,Indonesia
754,Obed,Humbee,ohumbeekx@nifty.com,China
755,Benedicto,Le Surf,blesurfky@google.es,Philippines
756,Jaclyn,Ostrich,jostrichkz@ocn.ne.jp,Peru
757,Gabbie,Bartolomeu,gbartolomeul0@eventbrite.com,France
758,Nessy,Fettiplace,nfettiplacel1@cargocollective.com,Kazakhstan
759,Anne-marie,Caldecutt,acaldecuttl2@narod.ru,China
760,Petra,Towner,ptownerl3@nba.com,China
761,Heloise,Tavinor,htavinorl4@i2i.jp,Serbia
762,Killian,Nyland,knylandl5@chicagotribune.com,Sweden
763,Patrice,Volleth,pvollethl6@ovh.net,Croatia
764,Petra,MacCrann,pmaccrannl7@topsy.com,Indonesia
765,Jolee,Pountney,jpountneyl8@google.com.br,United States
766,Marianne,Marks,mmarksl9@ft.com,China
767,Leeann,Airs,lairsla@trellian.com,China
768,Maxwell,Dunckley,mdunckleylb@tmall.com,Poland
769,Russ,Noke,rnokelc@ft.com,Indonesia
770,Joelly,Farnfield,jfarnfieldld@cnet.com,Malaysia
771,Farrand,Huygens,fhuygensle@pbs.org,Indonesia
772,Ronda,Ship,rshiplf@mail.ru,Poland
773,Vevay,Burgwin,vburgwinlg@state.tx.us,Indonesia
774,Bartholomeo,Ferries,bferrieslh@wikispaces.com,Philippines
775,Wenonah,Martinie,wmartinieli@livejournal.com,Ireland
776,Paloma,O'Hagerty,pohagertylj@wikimedia.org,China
777,Colver,Caines,ccaineslk@furl.net,Indonesia
778,Jacqui,Claxton,jclaxtonll@youku.com,Indonesia
779,Nalani,McCart,nmccartlm@stumbleupon.com,China
780,Theodora,Bogace,tbogaceln@globo.com,Canada
781,Toinette,Rimer,trimerlo@usatoday.com,Ukraine
782,Gerard,Janaszkiewicz,gjanaszkiewiczlp@businessweek.com,Portugal
783,Geno,Aspinal,gaspinallq@com.com,Brazil
784,Andee,Bowkley,abowkleylr@shop-pro.jp,Sweden
785,Perrine,De Brett,pdebrettls@deviantart.com,Russia
786,Debera,Climance,dclimancelt@phoca.cz,China
787,Drew,Ivanishev,divanishevlu@people.com.cn,Peru
788,Cassondra,McFayden,cmcfaydenlv@columbia.edu,Greece
789,Corette,Tapson,ctapsonlw@ameblo.jp,China
790,Annadiana,Bockmaster,abockmasterlx@amazon.com,Philippines
791,Joyann,Courtney,jcourtneyly@nationalgeographic.com,Thailand
792,Mariele,Rodder,mrodderlz@lulu.com,United States
793,Gianna,Naisbit,gnaisbitm0@cyberchimps.com,Indonesia
794,Arlina,Giral,agiralm1@skype.com,Philippines
795,Zorana,Peyto,zpeytom2@jiathis.com,Netherlands
796,Annice,Wanell,awanellm3@nps.gov,Philippines
797,Jammal,Whisson,jwhissonm4@phoca.cz,China
798,Merwin,Prendergrass,mprendergrassm5@yale.edu,China
799,Angelico,Olech,aolechm6@topsy.com,Russia
800,Bernete,Tredget,btredgetm7@oracle.com,Uganda
801,Elie,Hancorn,ehancornm8@bigcartel.com,China
802,Kaylee,Dimberline,kdimberlinem9@archive.org,Poland
803,Costanza,Worsall,cworsallma@dagondesign.com,Malaysia
804,Hilario,Mogie,hmogiemb@joomla.org,China
805,Salomone,Cubbino,scubbinomc@webmd.com,Brazil
806,Dani,Pether,dpethermd@icio.us,Canada
807,Suzy,Boatwright,sboatwrightme@nyu.edu,Ukraine
808,Edmon,Marchand,emarchandmf@taobao.com,Russia
809,Benn,Defew,bdefewmg@google.it,Brazil
810,Fair,Skakunas,fskakunasmh@sciencedaily.com,United States
811,Raphael,Birkenshaw,rbirkenshawmi@jimdo.com,Brazil
812,Edgar,Pentecust,epentecustmj@rakuten.co.jp,Philippines
813,Cathee,Sacker,csackermk@canalblog.com,China
814,Benn,Tredgold,btredgoldml@mac.com,China
815,Herbert,Tittershill,htittershillmm@un.org,Japan
816,Amity,Klemmt,aklemmtmn@yandex.ru,France
817,Madelon,Richings,mrichingsmo@auda.org.au,Morocco
818,Gerhard,Pedroli,gpedrolimp@cdbaby.com,Poland
819,North,Van der Beek,nvanderbeekmq@edublogs.org,Philippines
820,Shay,Dipple,sdipplemr@vimeo.com,Argentina
821,Isaiah,Bayman,ibaymanms@slideshare.net,China
822,Alena,Cassar,acassarmt@twitpic.com,Ukraine
823,Marlee,Dugall,mdugallmu@moonfruit.com,China
824,Meggie,Capps,mcappsmv@mashable.com,United States
825,Omero,Leinweber,oleinwebermw@theglobeandmail.com,Russia
826,Sanson,Ingray,singraymx@sphinn.com,Slovenia
827,Janina,Baline,jbalinemy@smugmug.com,China
828,Whittaker,Doale,wdoalemz@wikispaces.com,Greece
829,Shelia,Huby,shubyn0@macromedia.com,Indonesia
830,Alleyn,Jopson,ajopsonn1@ning.com,Canada
831,Tulley,Barwis,tbarwisn2@cpanel.net,Ethiopia
832,Ruthanne,Stoacley,rstoacleyn3@linkedin.com,Peru
833,Fawne,Sissens,fsissensn4@csmonitor.com,Japan
834,Allan,Ashpital,aashpitaln5@livejournal.com,Sweden
835,Harald,Anthill,hanthilln6@yellowpages.com,Ukraine
836,Doe,Spanswick,dspanswickn7@plala.or.jp,Indonesia
837,Noelle,Gong,ngongn8@nsw.gov.au,Russia
838,Marian,Sleep,msleepn9@pbs.org,Uganda
839,Quinn,Verdun,qverdunna@ed.gov,Guatemala
840,Eadmund,McVittie,emcvittienb@economist.com,Russia
841,Ange,Lobe,alobenc@nps.gov,China
842,Silvana,Wilshire,swilshirend@japanpost.jp,Lebanon
843,Johnette,Kocher,jkocherne@ucoz.ru,United States
844,Priscilla,Fewkes,pfewkesnf@etsy.com,Nigeria
845,Katerina,Gobell,kgobellng@weebly.com,Togo
846,Brandi,Langer,blangernh@harvard.edu,Honduras
847,Amata,Reuther,areutherni@seesaa.net,Mali
848,Dicky,Foulgham,dfoulghamnj@cbsnews.com,China
849,Enriqueta,Peller,epellernk@wix.com,Swaziland
850,Averyl,Horlock,ahorlocknl@naver.com,Indonesia
851,Hollie,Beachem,hbeachemnm@google.com.br,Sweden
852,Allister,McKall,amckallnn@sciencedirect.com,North Korea
853,Bernadene,Mattingly,bmattinglyno@japanpost.jp,United States
854,Eugine,Allum,eallumnp@arizona.edu,France
855,Yank,Solloway,ysollowaynq@kickstarter.com,Finland
856,Hazel,Toopin,htoopinnr@mail.ru,Mexico
857,Wendie,Coe,wcoens@networksolutions.com,Cape Verde
858,Pail,Tanzer,ptanzernt@elpais.com,Cuba
859,Jeanelle,Kiossel,jkiosselnu@auda.org.au,China
860,Solomon,Dunnett,sdunnettnv@google.co.jp,Indonesia
861,Mamie,Alphonso,malphonsonw@godaddy.com,Brazil
862,Vance,Troubridge,vtroubridgenx@vk.com,Madagascar
863,Eliot,Jakubowsky,ejakubowskyny@cbsnews.com,Indonesia
864,Marcos,Manley,mmanleynz@about.com,Russia
865,Bertina,Peasegod,bpeasegodo0@51.la,Russia
866,Min,Roughey,mrougheyo1@surveymonkey.com,Portugal
867,Filbert,Kardos,fkardoso2@g.co,China
868,Joline,Theaker,jtheakero3@webeden.co.uk,China
869,Bethena,Terzi,bterzio4@wsj.com,Russia
870,Hubey,Roseborough,hroseborougho5@dagondesign.com,Russia
871,Griswold,Lindup,glindupo6@gnu.org,Colombia
872,Berget,McCloughlin,bmccloughlino7@shinystat.com,Thailand
873,Bab,Benz,bbenzo8@digg.com,Myanmar
874,Georgina,Gerb,ggerbo9@flavors.me,Serbia
875,Erin,Crinion,ecrinionoa@youtube.com,China
876,Sanson,Culp,sculpob@utexas.edu,Tanzania
877,Tyrus,Ballantyne,tballantyneoc@123-reg.co.uk,France
878,Nicolette,Rastall,nrastallod@com.com,China
879,Sid,Sorsbie,ssorsbieoe@si.edu,Brazil
880,Quintin,Allingham,qallinghamof@deliciousdays.com,Honduras
881,Antonin,Walasik,awalasikog@bloglovin.com,Thailand
882,Emmalynne,Flello,eflellooh@washingtonpost.com,Philippines
883,Nana,Glassopp,nglassoppoi@ask.com,Thailand
884,Franz,Thurstan,fthurstanoj@nba.com,Tanzania
885,Yehudi,Royds,yroydsok@wordpress.com,Czech Republic
886,Portie,Beuscher,pbeuscherol@4shared.com,China
887,Marty,Firminger,mfirmingerom@netvibes.com,Peru
888,Celinda,Sallans,csallanson@loc.gov,Bulgaria
889,Shaughn,Carvell,scarvelloo@pcworld.com,Brazil
890,Nathanial,Yielding,nyieldingop@cdbaby.com,Kazakhstan
891,Riki,Brevitt,rbrevittoq@purevolume.com,North Korea
892,Raff,Gehrtz,rgehrtzor@samsung.com,Greece
893,Dew,Bernetti,dbernettios@plala.or.jp,South Sudan
894,Rennie,Moysey,rmoyseyot@weebly.com,China
895,Shelba,Hogben,shogbenou@google.es,Portugal
896,Stavro,Narramore,snarramoreov@unesco.org,China
897,Lutero,Ellsbury,lellsburyow@topsy.com,France
898,Giuseppe,Lochran,glochranox@reddit.com,Peru
899,Tansy,Zanioletti,tzaniolettioy@google.com.br,China
900,Nefen,Jell,njelloz@deviantart.com,China
901,Titos,Duigenan,tduigenanp0@earthlink.net,Russia
902,Ethelbert,Sacchetti,esacchettip1@geocities.jp,Serbia
903,Wren,Vasyuchov,wvasyuchovp2@engadget.com,United States
904,Lisette,Kneaphsey,lkneaphseyp3@i2i.jp,Philippines
905,Fredra,Sellor,fsellorp4@cyberchimps.com,Benin
906,Gayelord,Lambotin,glambotinp5@cmu.edu,Philippines
907,Hyacinthie,Kerkham,hkerkhamp6@usgs.gov,Cuba
908,Laurena,Stuchberry,lstuchberryp7@google.cn,Russia
909,Winifred,Bellon,wbellonp8@zimbio.com,Philippines
910,Bronnie,Pickover,bpickoverp9@webs.com,Comoros
911,Suellen,Kindleside,skindlesidepa@printfriendly.com,China
912,Tobin,Shivlin,tshivlinpb@dyndns.org,Croatia
913,Callida,Sorton,csortonpc@cyberchimps.com,United States
914,Darb,Essam,dessampd@smugmug.com,China
915,Kirbie,Casaro,kcasarope@quantcast.com,China
916,Lannie,Raddon,lraddonpf@ifeng.com,Canada
917,Jackelyn,Stansbury,jstansburypg@wordpress.org,Indonesia
918,Kelly,Conlaund,kconlaundph@webnode.com,Brazil
919,Merwyn,Borzoni,mborzonipi@de.vu,Democratic Republic of the Congo
920,George,Flasby,gflasbypj@tmall.com,China
921,Ally,Vagges,avaggespk@bravesites.com,Sweden
922,Byran,Fairney,bfairneypl@imgur.com,Thailand
923,Zedekiah,Coolahan,zcoolahanpm@nsw.gov.au,Russia
924,Robinett,Syce,rsycepn@theglobeandmail.com,Brazil
925,Cymbre,Costar,ccostarpo@naver.com,Indonesia
926,Kelcey,Vasquez,kvasquezpp@altervista.org,Czech Republic
927,Ulysses,Lebang,ulebangpq@whitehouse.gov,Philippines
928,Tallie,Davidofski,tdavidofskipr@walmart.com,United States
929,Winonah,McKane,wmckaneps@google.com.au,Indonesia
930,Ollie,Dade,odadept@wordpress.org,Indonesia
931,Gallard,Menhci,gmenhcipu@hexun.com,Uruguay
932,Orson,Schruurs,oschruurspv@is.gd,Indonesia
933,Noel,Varndell,nvarndellpw@moonfruit.com,China
934,Meriel,Mennithorp,mmennithorppx@google.de,South Korea
935,Cordie,Harkus,charkuspy@baidu.com,China
936,Benji,Zisneros,bzisnerospz@miitbeian.gov.cn,China
937,Shelagh,Springthorp,sspringthorpq0@globo.com,China
938,Chelsy,Cotta,ccottaq1@flavors.me,Sweden
939,De,McCourt,dmccourtq2@telegraph.co.uk,Japan
940,Prinz,Azema,pazemaq3@admin.ch,Peru
941,Karalee,Feavyour,kfeavyourq4@nbcnews.com,Croatia
942,Arlyn,Iacovelli,aiacovelliq5@ftc.gov,China
943,Jerry,O'Curneen,jocurneenq6@cdc.gov,Japan
944,Sharron,Caddick,scaddickq7@github.io,Russia
945,Tymon,Stout,tstoutq8@wikipedia.org,United States
946,Letisha,Maruska,lmaruskaq9@networksolutions.com,Spain
947,Henrieta,Olney,holneyqa@cisco.com,Haiti
948,Camille,Ivons,civonsqb@qq.com,China
949,Sheri,Laville,slavilleqc@google.com.au,Ukraine
950,Adair,Ackenhead,aackenheadqd@jalbum.net,Greece
951,Odette,Soper,osoperqe@amazonaws.com,Palestinian Territory
952,Kenyon,Witherden,kwitherdenqf@un.org,Poland
953,Beryl,Tomaino,btomainoqg@examiner.com,France
954,Debor,Bernardet,dbernardetqh@dropbox.com,China
955,Davy,Greenman,dgreenmanqi@cbc.ca,Indonesia
956,Elfrieda,Ascroft,eascroftqj@skype.com,Kosovo
957,Doe,Elcomb,delcombqk@jimdo.com,Argentina
958,Nero,Stainson,nstainsonql@taobao.com,China
959,Jamaal,Harmson,jharmsonqm@shinystat.com,Philippines
960,Concordia,Scrauniage,cscrauniageqn@usatoday.com,Indonesia
961,Jonathan,Sorro,jsorroqo@loc.gov,Burkina Faso
962,Arnold,Gauntlett,agauntlettqp@ucla.edu,Vietnam
963,Fowler,Dounbare,fdounbareqq@usda.gov,Sweden
964,Darcy,Cantrell,dcantrellqr@utexas.edu,Portugal
965,Gena,Guidi,gguidiqs@ed.gov,China
966,Lavinie,Pitcaithley,lpitcaithleyqt@kickstarter.com,Russia
967,Eben,Pitbladdo,epitbladdoqu@histats.com,China
968,Nissy,Braniff,nbraniffqv@boston.com,Ukraine
969,Alva,Harbard,aharbardqw@blinklist.com,China
970,Marsh,May,mmayqx@arstechnica.com,Portugal
971,Oran,Eversfield,oeversfieldqy@kickstarter.com,Tunisia
972,Donni,Clutram,dclutramqz@latimes.com,Czech Republic
973,Rennie,Bould,rbouldr0@rambler.ru,Argentina
974,Marika,Buttriss,mbuttrissr1@shinystat.com,China
975,Kalie,McCambrois,kmccambroisr2@dell.com,Canada
976,Godfree,McQuaker,gmcquakerr3@upenn.edu,Poland
977,Rem,Bruckstein,rbrucksteinr4@arstechnica.com,Czech Republic
978,Hobey,Gricewood,hgricewoodr5@furl.net,Tunisia
979,Tamqrah,Sywell,tsywellr6@oracle.com,Indonesia
980,Saul,Vero,sveror7@dmoz.org,Brazil
981,Haskel,Pinch,hpinchr8@tinyurl.com,Indonesia
982,Charmain,Moverley,cmoverleyr9@china.com.cn,China
983,Kimberlyn,Gosland,kgoslandra@meetup.com,Poland
984,Dallon,Brahams,dbrahamsrb@state.gov,Morocco
985,Cornell,Douce,cdoucerc@about.me,Philippines
986,Yuri,Barthrop,ybarthroprd@zimbio.com,Indonesia
987,Orelia,Lumbers,olumbersre@ning.com,China
988,Anissa,Goadbie,agoadbierf@etsy.com,France
989,Lizzy,De la Eglise,ldelaegliserg@google.de,Philippines
990,Hillel,Bance,hbancerh@cpanel.net,United States
991,Lynn,Ballach,lballachri@yahoo.com,Indonesia
992,Dianemarie,Davidovitch,ddavidovitchrj@mit.edu,Russia
993,Carri,Collisson,ccollissonrk@bbc.co.uk,China
994,Jo-ann,Tatford,jtatfordrl@mediafire.com,United States
995,Odella,Roarty,oroartyrm@networkadvertising.org,Estonia
996,Kamilah,Wasylkiewicz,kwasylkiewiczrn@nationalgeographic.com,Sri Lanka
997,Mario,Di Biagi,mdibiagiro@mtv.com,Indonesia
998,Greer,Vevers,gveversrp@hostgator.com,Armenia
999,Marina,Cornhill,mcornhillrq@biglobe.ne.jp,Brazil
1000,Kenneth,Thandi,kthandirr@imgur.com,Sweden